datetime,Open,High,Low,Close,Volume
2021-05-05 21:30:00+00:00,57004.56304929761,57004.56304929761,56982.18845952858,56982.18845952858,0.15918662
2021-05-05 22:00:00+00:00,56974.168138962894,57235.010308579585,56892.70327254939,57235.010308579585,1.53103552
2021-05-05 22:30:00+00:00,57332.237220572475,57571.83887046352,57332.237220572475,57571.83887046352,1.72075642
2021-05-05 23:00:00+00:00,57233.6476740554,57233.6476740554,57201.14395714286,57201.14395714286,0.36591139
2021-05-06 00:30:00+00:00,57186.05335,57186.05335,57044.96797780723,57044.96797780723,0.85480615
2021-05-06 01:00:00+00:00,56955.181043,56955.181043,56955.181043,56955.181043,1.0
2021-05-06 01:30:00+00:00,56861.6876822455,57182.688970202675,56846.67727925033,57182.688970202675,0.20565653
2021-05-06 02:00:00+00:00,57319.175426,57482.693409742125,57104.037878498224,57104.037878498224,1.5340779600000003
2021-05-06 02:30:00+00:00,57101.77178946172,57101.77178946172,57100.740407223966,57100.740407223966,0.01066247
2021-05-06 03:00:00+00:00,57077.50611633042,57077.50611633042,57032.25429084354,57032.25429084354,0.51094182
2021-05-06 03:30:00+00:00,56983.55287096052,56983.55287096052,56947.60820045559,56951.382443726936,0.36509631000000003
2021-05-06 04:00:00+00:00,56945.917873096165,56945.917873096165,56933.34135,56933.34135,0.08227095
2021-05-06 04:30:00+00:00,56931.07957060077,56931.07957060077,56931.07957060077,56931.07957060077,0.00485795
2021-05-06 05:00:00+00:00,56892.890936095384,56892.890936095384,56892.890936095384,56892.890936095384,0.42983451
2021-05-06 05:30:00+00:00,56848.763951577086,57188.29852328613,56848.763951577086,57188.29852328613,0.10856573
2021-05-06 06:30:00+00:00,56761.164293,56761.164293,56761.164293,56761.164293,1.0
2021-05-06 07:00:00+00:00,56642.678020502666,56642.678020502666,56600.24941843244,56600.24941843244,0.4855989
2021-05-06 08:00:00+00:00,56983.03202816285,57054.63316268405,56983.03202816285,57054.63316268405,0.8111874299999999
2021-05-06 08:30:00+00:00,57078.946026995516,57078.946026995516,57078.946026995516,57078.946026995516,0.06826987
2021-05-06 09:30:00+00:00,57085.36053501952,57228.16265202712,56966.335766249744,56966.335766249744,1.37710383
2021-05-06 10:00:00+00:00,56960.002504560194,58067.02316720111,56673.596603782025,58067.02316720111,11.15487027
2021-05-06 10:30:00+00:00,58174.539906277336,58174.539906277336,58174.539906277336,58174.539906277336,0.51437509
2021-05-06 11:00:00+00:00,58220.9685427231,58220.9685427231,58220.9685427231,58220.9685427231,0.00179259
2021-05-06 12:00:00+00:00,57871.432384302716,57871.432384302716,57871.432384302716,57871.432384302716,0.00685647
2021-05-06 12:30:00+00:00,57868.67112733499,57868.67112733499,57868.67112733499,57868.67112733499,0.0247646
2021-05-06 13:00:00+00:00,57861.138749672326,57861.138749672326,57678.17524622935,57678.17524622935,1.06625873
2021-05-06 13:30:00+00:00,57669.6769403996,57669.6769403996,57646.633820895746,57646.633820895746,0.18856014
2021-05-06 14:00:00+00:00,57450.65777485127,57622.733328606286,57272.64877536462,57622.733328606286,2.5963749000000003
2021-05-06 14:30:00+00:00,57659.818602210675,57659.818602210675,57659.818602210675,57659.818602210675,0.2601465
2021-05-06 15:00:00+00:00,57271.23091478089,57271.23091478089,57185.96169152897,57185.96169152897,0.96126344
2021-05-06 15:30:00+00:00,57513.74745833333,57513.74745833333,57082.820047,57082.820047,1.024
2021-05-06 16:00:00+00:00,57342.684927962524,57814.03681453329,57342.684927962524,57533.30184033302,4.52160629
2021-05-06 16:30:00+00:00,57443.26994216306,57443.26994216306,57034.595327,57034.595327,2.80505518
2021-05-06 17:00:00+00:00,57291.126578442156,57291.126578442156,57291.126578442156,57291.126578442156,0.01745471
2021-05-06 17:30:00+00:00,57298.50257856155,57298.50257856155,57298.50257856155,57298.50257856155,0.06547255
2021-05-06 18:00:00+00:00,56951.1003346371,56951.1003346371,56837.382,56837.382,0.70441469
2021-05-06 18:30:00+00:00,56834.28765199948,56834.28765199948,55828.086845,55828.086845,6.319753210000001
2021-05-06 19:00:00+00:00,55665.869462932635,55665.869462932635,55512.55189772539,55512.55189772539,1.8041749999999999
2021-05-06 19:30:00+00:00,55803.64110349432,56201.79538949564,55803.64110349432,56201.79538949564,2.7398378899999996
2021-05-06 20:00:00+00:00,55897.321766072026,55897.321766072026,55897.321766072026,55897.321766072026,0.0786242
2021-05-06 20:30:00+00:00,55887.14945272136,55887.14945272136,55832.976226917825,55832.976226917825,0.38284246
2021-05-06 21:00:00+00:00,56209.42337025881,56209.42337025881,56209.42337025881,56209.42337025881,0.5546939
2021-05-06 21:30:00+00:00,56269.25171666825,56434.75399999999,56269.25171666825,56434.75399999999,1.02313798
2021-05-06 22:00:00+00:00,56092.7056421103,56092.7056421103,56092.7056421103,56092.7056421103,0.04629633
2021-05-06 22:30:00+00:00,56503.635384746005,56580.962171052626,56503.635384746005,56580.962171052626,0.88743644
2021-05-06 23:00:00+00:00,56230.015284269444,56230.015284269444,56230.015284269444,56230.015284269444,0.14247328
2021-05-06 23:30:00+00:00,56633.44017937219,56633.44017937219,56316.47929080153,56316.47929080153,1.2009746799999999
2021-05-07 00:00:00+00:00,56238.07551018119,56778.38679758652,56226.76136940512,56511.374650000005,3.38364948
2021-05-07 00:30:00+00:00,56850.656763711595,56893.35608670675,56850.656763711595,56893.35608670675,0.48566657999999996
2021-05-07 01:00:00+00:00,56972.12059686618,56972.12059686618,56216.0253429036,56438.089837056956,4.36807989
2021-05-07 01:30:00+00:00,56136.74551263972,56136.74551263972,56118.138377716234,56118.138377716234,0.21593163
2021-05-07 02:00:00+00:00,56077.40553686763,56077.40553686763,56077.40553686763,56077.40553686763,0.26927066
2021-05-07 02:30:00+00:00,55977.289142729525,55977.289142729525,55823.624135646074,55823.624135646074,1.7934999999999999
2021-05-07 03:00:00+00:00,55723.33328303294,55723.33328303294,55684.65809695178,55684.65809695178,0.37610252
2021-05-07 03:30:00+00:00,55643.97613698264,56026.906334483225,55643.97613698264,56026.906334483225,1.47138232
2021-05-07 04:00:00+00:00,55701.164309985266,55737.15796982325,55210.137024748314,55737.15796982325,7.6585402600000005
2021-05-07 04:30:00+00:00,55323.578914340185,55743.01248637897,55323.578914340185,55743.01248637897,2.0624272500000003
2021-05-07 05:00:00+00:00,55762.88286575705,55805.50259750434,55762.88286575705,55805.50259750434,0.50169438
2021-05-07 05:30:00+00:00,55846.096710020545,55924.64424748976,55846.096710020545,55924.64424748976,0.9218924399999999
2021-05-07 06:00:00+00:00,56023.540942507934,56023.540942507934,56023.540942507934,56023.540942507934,0.26774459
2021-05-07 06:30:00+00:00,56122.56996160466,56284.81335634992,56032.59905904584,56032.59905904584,1.89823491
2021-05-07 07:30:00+00:00,55955.89478544906,55955.89478544906,55955.89478544906,55955.89478544906,0.895475
2021-05-07 08:00:00+00:00,55803.47493318486,55803.47493318486,55700.19550342131,55700.19550342131,1.02698263
2021-05-07 08:30:00+00:00,56068.282105310696,56071.21634361481,55665.47650948652,56071.21634361481,1.79391488
2021-05-07 09:00:00+00:00,55810.372653276325,56217.25963890376,55807.35468981634,55948.41285656712,1.01249214
2021-05-07 09:30:00+00:00,55938.29399801052,56348.90178635952,55938.29399801052,56348.90178635952,0.9171662
2021-05-07 10:00:00+00:00,56501.42925241317,56615.16390138714,56311.07555287192,56311.07555287192,1.32932331
2021-05-07 10:30:00+00:00,56660.61537712771,56660.61537712771,56320.25620496397,56320.25620496397,0.12248257
2021-05-07 11:00:00+00:00,56330.798169058995,56330.798169058995,56303.34819674707,56303.34819674707,0.16579828
2021-05-07 11:30:00+00:00,56295.81909532765,56704.09470113636,56295.81909532765,56704.09470113636,0.96591442
2021-05-07 12:00:00+00:00,56438.1845,56438.1845,56412.45504953013,56412.45504953013,0.17215085
2021-05-07 12:30:00+00:00,56827.08512388221,57523.7438209914,56827.08512388221,57523.7438209914,5.31779953
2021-05-07 13:00:00+00:00,57721.46058101461,57721.46058101461,57334.662249678244,57334.662249678244,1.28192025
2021-05-07 13:30:00+00:00,57180.785867227656,57451.934928537295,57180.785867227656,57451.934928537295,0.91809736
2021-05-07 14:00:00+00:00,57034.54535073502,57034.54535073502,57034.54535073502,57034.54535073502,0.879225
2021-05-07 15:00:00+00:00,57395.96529583282,57492.56455359371,57395.96529583282,57492.56455359371,1.09333857
2021-05-07 15:30:00+00:00,57531.78340890088,57531.78340890088,57531.78340890088,57531.78340890088,0.42635584
2021-05-07 16:00:00+00:00,57646.35050757313,57922.44902443271,57646.35050757313,57922.44902443271,2.84186506
2021-05-07 16:30:00+00:00,57725.12564784997,58113.633595148545,57690.25893235189,58113.633595148545,1.07885741
2021-05-07 17:00:00+00:00,58341.24267852962,58582.95081851999,58341.24267852962,58582.95081851999,2.38723782
2021-05-07 18:00:00+00:00,58261.726839112256,58261.726839112256,57842.09779080159,57842.09779080159,4.480123359999999
2021-05-07 18:30:00+00:00,57813.016187644535,57813.016187644535,57812.65808148694,57812.65808148694,0.0058810500000000005
2021-05-07 19:00:00+00:00,57736.394623494845,57736.394623494845,57736.394623494845,57736.394623494845,0.86785
2021-05-07 21:00:00+00:00,57644.73282780137,57644.73282780137,57262.348498552004,57262.348498552004,2.5425196800000003
2021-05-07 21:30:00+00:00,57569.09401542951,57656.213446811016,57569.09401542951,57656.213446811016,0.5643656199999999
2021-05-07 22:00:00+00:00,57306.2291461028,57306.2291461028,57117.32579909912,57117.32579909912,1.30705784
2021-05-07 22:30:00+00:00,57015.93360077387,57015.93360077387,57015.93360077387,57015.93360077387,0.8787
2021-05-07 23:00:00+00:00,57331.942174947806,57393.57579171747,57331.942174947806,57393.57579171747,0.69494813
2021-05-07 23:30:00+00:00,57405.61658110868,57405.61658110868,57405.61658110868,57405.61658110868,0.01818455
2021-05-08 00:00:00+00:00,57482.47869666676,57588.71303650751,57198.84324210166,57198.84324210166,2.09820007
2021-05-08 00:30:00+00:00,57543.05451987662,57693.96732412279,57543.05451987662,57693.96732412279,1.732175
2021-05-08 02:30:00+00:00,57845.08021559593,58147.820367790635,57845.08021559593,58147.820367790635,2.58075
2021-05-08 03:00:00+00:00,58299.45064025014,58299.45064025014,58299.45064025014,58299.45064025014,0.855525
2021-05-08 03:30:00+00:00,58380.21784193973,58380.21784193973,58380.21784193973,58380.21784193973,0.05457994
2021-05-08 04:00:00+00:00,58461.014998096245,58539.34569649794,58461.014998096245,58539.34569649794,0.8789503799999999
2021-05-08 04:30:00+00:00,58546.169802236895,58552.294518041424,58546.169802236895,58552.294518041424,0.06832036
2021-05-08 05:00:00+00:00,58126.8254833285,58126.8254833285,58126.8254833285,58126.8254833285,0.86225
2021-05-08 05:30:00+00:00,58045.37211765445,58045.37211765445,58045.37211765445,58045.37211765445,0.06106832
2021-05-08 06:00:00+00:00,57963.92664797202,57963.92664797202,57963.92664797202,57963.92664797202,0.864775
2021-05-08 06:30:00+00:00,57875.473510359436,57875.473510359436,57711.109090333346,57711.109090333346,1.87918147
2021-05-08 07:30:00+00:00,58057.79845934546,58358.87199894654,57859.64872137964,58049.63749261845,4.08545723
2021-05-08 08:00:00+00:00,58471.99342779196,59003.804635185516,58471.99342779196,59003.804635185516,4.24704487
2021-05-08 08:30:00+00:00,59175.42650221248,59209.06164362235,59175.42650221248,59209.06164362235,0.37076405
2021-05-08 10:00:00+00:00,58749.862434370996,58749.862434370996,58749.862434370996,58749.862434370996,1.32712656
2021-05-08 12:00:00+00:00,58481.7711331486,58481.7711331486,58481.7711331486,58481.7711331486,1.71425
2021-05-08 12:30:00+00:00,58692.49593791572,59042.68092234014,58692.49593791572,59042.68092234014,2.8855408
2021-05-08 13:30:00+00:00,59282.000524407595,59381.61039711915,59282.000524407595,59381.61039711915,1.12204035
2021-05-08 15:00:00+00:00,59033.72678493832,59033.72678493832,58803.968909078474,58803.968909078474,2.59660588
2021-05-08 15:30:00+00:00,58430.79790370909,58637.57929999631,58064.32580759591,58208.18331386754,4.552515270000001
2021-05-08 16:00:00+00:00,58320.774575801464,58493.33026145861,58320.774575801464,58493.33026145861,1.6114158100000002
2021-05-08 16:30:00+00:00,58521.86033460066,59059.48950826295,58521.86033460066,58716.163064,4.7227648
2021-05-08 17:30:00+00:00,59459.794300860856,59492.950143,58997.05014749263,58997.05014749263,8.6839325
2021-05-08 18:00:00+00:00,59355.05448802599,59395.44627635454,59355.05448802599,59395.44627635454,0.45445114999999997
2021-05-08 18:30:00+00:00,59504.79932031462,59504.79932031462,59504.79932031462,59504.79932031462,0.80662026
2021-05-08 19:00:00+00:00,59218.19851941864,59218.19851941864,59214.49376172115,59214.49376172115,0.04170753
2021-05-08 19:30:00+00:00,59035.929208,59035.929208,59035.929208,59035.929208,2.0
2021-05-08 20:00:00+00:00,59405.914243596606,59405.914243596606,59405.914243596606,59405.914243596606,2.52015
2021-05-08 20:30:00+00:00,59622.456758785745,59622.456758785745,59161.454020211546,59161.454020211546,2.0199363999999997
2021-05-08 21:00:00+00:00,59410.14043412519,59410.14043412519,59410.14043412519,59410.14043412519,0.27557903
2021-05-08 21:30:00+00:00,59456.688938448686,59456.688938448686,59456.688938448686,59456.688938448686,0.33637931
2021-05-08 22:00:00+00:00,59093.47495639708,59093.47495639708,59093.47495639708,59093.47495639708,0.43033245
2021-05-08 22:30:00+00:00,59054.6591699992,59054.6591699992,58747.748272243414,58747.748272243414,2.1722259399999997
2021-05-08 23:00:00+00:00,58717.2142473294,58717.2142473294,58602.25645702995,58602.25645702995,1.2186293899999998
2021-05-08 23:30:00+00:00,58257.84761213802,58832.101595038286,58257.84761213802,58832.101595038286,7.563843090000001
2021-05-09 00:00:00+00:00,58971.95140814699,58971.95140814699,58971.95140814699,58971.95140814699,1.69265
2021-05-09 01:00:00+00:00,58670.626338,58893.263183052644,58552.12574804778,58893.263183052644,1.6288101799999999
2021-05-09 01:30:00+00:00,58908.537073365354,59038.13696110355,58908.537073365354,59038.13696110355,1.72288652
2021-05-09 03:30:00+00:00,59211.32879834657,59258.52181987661,58712.99444928851,58712.99444928851,3.1865952
2021-05-09 04:00:00+00:00,58471.20515453131,58471.20515453131,58166.51936759237,58166.51936759237,4.12463002
2021-05-09 05:00:00+00:00,58263.16176103499,58571.12001681746,58263.16176103499,58571.12001681746,2.08211695
2021-05-09 05:30:00+00:00,58578.252137237825,58578.252137237825,58578.252137237825,58578.252137237825,0.09388403
2021-05-09 06:30:00+00:00,58608.07063022695,58608.07063022695,58608.07063022695,58608.07063022695,0.34124993
2021-05-09 07:30:00+00:00,58165.44701536678,58165.44701536678,57921.96467482926,57921.96467482926,3.6920602000000002
2021-05-09 08:00:00+00:00,57696.820833767626,58202.96975254207,57696.820833767626,58202.96975254207,3.6056465299999996
2021-05-09 09:00:00+00:00,58232.875458241055,58240.72475689739,58232.875458241055,58240.72475689739,0.11841259
2021-05-09 09:30:00+00:00,57888.62068914253,57888.62068914253,57831.132877027296,57831.132877027296,0.5340068
2021-05-09 10:00:00+00:00,57810.08576495784,57810.08576495784,57644.46740559495,57644.46740559495,1.54527781
2021-05-09 10:30:00+00:00,57603.17339874731,57966.43323945312,57603.17339874731,57966.43323945312,0.67077975
2021-05-09 11:00:00+00:00,57968.69574492383,57974.13094535453,57968.69574492383,57974.13094535453,0.08337858
2021-05-09 11:30:00+00:00,58091.25126192692,58091.25126192692,57850.070574476966,57850.070574476966,1.8028388800000001
2021-05-09 12:00:00+00:00,57840.31741738852,57937.62204082759,57133.18732211178,57133.18732211178,9.858364510000001
2021-05-09 12:30:00+00:00,57310.41219163525,57310.41219163525,56744.60802278252,56744.60802278252,3.57432209
2021-05-09 13:00:00+00:00,56442.307836141554,56815.273606146846,56442.307836141554,56815.273606146846,3.00202626
2021-05-09 13:30:00+00:00,57150.89402815192,57150.89402815192,57150.89402815192,57150.89402815192,3.49950781
2021-05-09 14:00:00+00:00,57000.497857836664,57649.94052810118,57000.497857836664,57649.94052810118,3.9711899199999996
2021-05-09 14:30:00+00:00,57395.56509380885,57395.56509380885,57282.58957983407,57282.58957983407,1.13731599
2021-05-09 15:00:00+00:00,57620.1329354087,57649.231441940574,57620.1329354087,57649.231441940574,0.44830112
2021-05-09 15:30:00+00:00,57199.81264019604,57650.15047509899,57199.81264019604,57650.15047509899,3.8850369700000003
2021-05-09 16:00:00+00:00,57745.87385647856,58297.96850212779,57745.87385647856,58134.114077630846,7.172247010000001
2021-05-09 16:30:00+00:00,57731.282029,58016.42303073194,57731.282029,58016.42303073194,1.02734912
2021-05-09 17:00:00+00:00,57636.82942124611,57938.837445638885,57586.57055535637,57938.837445638885,1.11982677
2021-05-09 17:30:00+00:00,57602.9168273788,57602.9168273788,57457.03502203082,57457.03502203082,1.72395084
2021-05-09 18:00:00+00:00,57353.203540890674,57686.124237830925,57353.203540890674,57686.124237830925,0.97909667
2021-05-09 18:30:00+00:00,57359.63996690899,57359.63996690899,57344.76371412763,57344.76371412763,0.23084985000000002
2021-05-09 19:00:00+00:00,57332.31948517061,57332.31948517061,57324.70878380598,57324.70878380598,0.11822003
2021-05-09 19:30:00+00:00,57296.24003797601,57296.24003797601,57270.264538256146,57270.264538256146,0.40364367
2021-05-09 20:00:00+00:00,57265.58069723583,57937.729698303236,57261.307119962046,57937.729698303236,3.19839366
2021-05-09 20:30:00+00:00,58298.34878674266,58298.34878674266,57833.74237308727,57833.74237308727,10.615066500000001
2021-05-09 21:30:00+00:00,57781.90650556954,58101.726497348944,57781.90650556954,58101.726497348944,1.13152331
2021-05-09 22:00:00+00:00,58148.48306020097,58194.90372416652,58148.48306020097,58194.90372416652,0.7052429
2021-05-09 22:30:00+00:00,58279.81091783018,58279.81091783018,58279.81091783018,58279.81091783018,0.94521657
2021-05-09 23:00:00+00:00,57991.26094931462,57991.26094931462,57991.26094931462,57991.26094931462,0.02156756
2021-05-09 23:30:00+00:00,58362.40367400081,58362.40367400081,58035.1054352778,58035.1054352778,0.35665387
2021-05-10 00:00:00+00:00,58409.20389737208,58575.48802461784,58078.18594818212,58575.48802461784,1.7763142900000002
2021-05-10 00:30:00+00:00,58235.618766726824,58689.57263470588,58235.618766726824,58446.86991831091,1.88981747
2021-05-10 01:00:00+00:00,58797.461307204096,58843.79675175971,58797.461307204096,58843.79675175971,0.69620844
2021-05-10 01:30:00+00:00,58995.42465609272,59138.62609704121,58995.42465609272,59138.62609704121,2.13783855
2021-05-10 02:30:00+00:00,58812.65388850727,59243.073158730156,58812.65388850727,59243.073158730156,1.3913126
2021-05-10 03:00:00+00:00,59408.4428867087,59408.4428867087,59408.4428867087,59408.4428867087,1.19198366
2021-05-10 03:30:00+00:00,59502.83904805462,59517.13609077609,59502.83904805462,59517.13609077609,0.21065497
2021-05-10 04:00:00+00:00,59518.141129416246,59520.79805486032,59518.141129416246,59520.79805486032,0.04032234
2021-05-10 04:30:00+00:00,59099.366906,59383.71983262564,59028.848981405165,59383.71983262564,1.09062926
2021-05-10 05:00:00+00:00,59390.88354380811,59688.76433351065,59095.04465682374,59095.04465682374,5.019008550000001
2021-05-10 05:30:00+00:00,59367.71820275389,59367.71820275389,59367.71820275389,59367.71820275389,0.45688367
2021-05-10 06:00:00+00:00,59400.91266199772,59407.78257585686,59400.91266199772,59407.78257585686,0.08220106
2021-05-10 07:00:00+00:00,58960.70783175327,59205.357554545066,58737.666576301366,59205.357554545066,5.34154836
2021-05-10 07:30:00+00:00,58866.74763490597,58866.74763490597,58746.471946292986,58746.471946292986,1.8078905399999998
2021-05-10 08:00:00+00:00,58519.94604372829,58519.94604372829,58293.81138121547,58293.81138121547,3.43235
2021-05-10 08:30:00+00:00,58534.60299844782,58534.60299844782,58534.60299844782,58534.60299844782,0.04498194
2021-05-10 09:00:00+00:00,58539.83246985597,58544.01853559105,58539.83246985597,58544.01853559105,0.06331211
2021-05-10 09:30:00+00:00,58183.606718307594,58183.606718307594,58012.82653426994,58012.82653426994,2.26010314
2021-05-10 10:30:00+00:00,57835.176832,57835.176832,57835.176832,57835.176832,1.0
2021-05-10 11:00:00+00:00,57601.48599351722,57601.48599351722,57601.48599351722,57601.48599351722,2.61232499
2021-05-10 11:30:00+00:00,58003.1025073429,58539.063870955964,58003.1025073429,58160.92957803115,12.294708360000001
2021-05-10 14:00:00+00:00,57872.32909426952,57872.32909426952,57872.32909426952,57872.32909426952,1.30548636
2021-05-10 14:30:00+00:00,57673.35301872772,57673.35301872772,57423.111360920695,57423.111360920695,3.17673549
2021-05-10 15:30:00+00:00,57732.86342485618,57732.86342485618,57732.86342485618,57732.86342485618,0.14270935
2021-05-10 16:00:00+00:00,57801.61189489325,58091.77407514272,57801.61189489325,58091.77407514272,3.52981773
2021-05-10 17:00:00+00:00,57684.410826217376,57974.90334844431,57159.25312720496,57246.25497401901,10.86409517
2021-05-10 17:30:00+00:00,57257.53112865747,57461.22968066667,57038.77749162966,57038.77749162966,6.10456549
2021-05-10 18:00:00+00:00,56934.22523241252,56934.22523241252,56934.22523241252,56934.22523241252,0.02112085
2021-05-10 18:30:00+00:00,56707.70530789229,57034.69375214007,56707.70530789229,57034.69375214007,5.24687166
2021-05-10 19:00:00+00:00,56424.77429964774,56484.984902594275,56424.77429964774,56484.984902594275,4.3406021500000005
2021-05-10 19:30:00+00:00,56489.46214552117,56489.46214552117,55960.706195702645,55960.706195702645,2.70106667
2021-05-10 20:00:00+00:00,55719.30380948459,55719.30380948459,54026.963557522606,55380.79272538218,29.124074
2021-05-10 20:30:00+00:00,55675.61860731778,55675.61860731778,54886.459752046525,55184.138027985406,12.385618990000001
2021-05-10 21:00:00+00:00,55373.92753507585,55828.528131941435,55373.92753507585,55491.98212647059,6.405565570000001
2021-05-10 21:30:00+00:00,56039.43000538586,56039.43000538586,55702.16533333333,55702.16533333333,7.58678747
2021-05-10 22:30:00+00:00,55621.56391979604,56056.52057049211,55621.56391979604,56056.52057049211,3.83846806
2021-05-10 23:00:00+00:00,55896.67551897221,55896.67551897221,55813.01180819562,55813.01180819562,0.83453798
2021-05-10 23:30:00+00:00,55721.130354,56217.20759926237,55650.79956759403,55863.83021653709,5.720428050000001
2021-05-11 00:00:00+00:00,55727.66769381218,55928.80358382229,55406.53481811802,55928.80358382229,11.02240662
2021-05-11 00:30:00+00:00,56232.35398253298,56232.35398253298,55783.77041867969,55783.77041867969,1.81139891
2021-05-11 01:00:00+00:00,55661.989180451645,55661.989180451645,55478.153506050636,55478.153506050636,2.81135907
2021-05-11 01:30:00+00:00,55653.17529312034,55789.557415527335,55571.51693014049,55571.51693014049,2.09261577
2021-05-11 02:00:00+00:00,55456.418493415666,55693.84229963112,54615.57445771751,55625.41669316967,39.691535630000004
2021-05-11 02:30:00+00:00,55317.61732120001,55500.62852669991,54835.60891552792,54835.60891552792,12.682830970000001
2021-05-11 03:00:00+00:00,54661.05661450445,54661.05661450445,54586.51103432494,54586.51103432494,1.10548923
2021-05-11 04:00:00+00:00,55004.547803514666,55238.63756926917,55004.547803514666,55238.63756926917,3.62078149
2021-05-11 04:30:00+00:00,55358.72310984537,55630.65896019365,55237.77316729117,55237.77316729117,5.72565731
2021-05-11 05:00:00+00:00,55471.127662843755,55471.127662843755,55471.127662843755,55471.127662843755,1.1922686
2021-05-11 05:30:00+00:00,55098.425362036294,55132.90875941627,54800.74893884132,55132.90875941627,6.94825138
2021-05-11 06:00:00+00:00,55308.934414047384,55308.934414047384,55308.934414047384,55308.934414047384,0.90222201
2021-05-11 06:30:00+00:00,55485.14336736838,55485.14336736838,55485.14336736838,55485.14336736838,1.80228425
2021-05-11 07:00:00+00:00,55647.90345521057,55647.90345521057,55647.90345521057,55647.90345521057,0.68584416
2021-05-11 09:30:00+00:00,55877.28709953848,55877.28709953848,55877.28709953848,55877.28709953848,2.88477005
2021-05-11 10:00:00+00:00,56348.58233785016,56348.58233785016,56273.28136683227,56273.28136683227,4.7947944300000005
2021-05-11 10:30:00+00:00,56135.38353128581,56385.88469594053,56135.38353128581,56385.88469594053,2.03748952
2021-05-11 11:00:00+00:00,56041.20866988881,56041.20866988881,55787.2618392851,55787.2618392851,3.24879431
2021-05-11 11:30:00+00:00,55974.251427717114,55975.857119459884,55443.69017043727,55443.69017043727,2.0794973199999998
2021-05-11 12:00:00+00:00,55316.973053,55316.973053,55027.90410672427,55027.90410672427,4.605250079999999
2021-05-11 13:00:00+00:00,55303.23343654626,55303.23343654626,55303.23343654626,55303.23343654626,2.70315
2021-05-11 13:30:00+00:00,55136.61407538119,55592.862953878175,55110.90051725038,55592.862953878175,3.10063022
2021-05-11 14:30:00+00:00,55957.02794990813,55957.02794990813,55957.02794990813,55957.02794990813,3.01243745
2021-05-11 15:00:00+00:00,55812.86300923451,55812.86300923451,55782.70765488758,55782.70765488758,0.47226866
2021-05-11 16:00:00+00:00,56318.62928386004,56318.62928386004,56318.62928386004,56318.62928386004,3.544
2021-05-11 16:30:00+00:00,56036.69552572582,56036.69552572582,56036.69552572582,56036.69552572582,2.687475
2021-05-11 17:30:00+00:00,56212.95671551741,56212.95671551741,56212.95671551741,56212.95671551741,0.17789493
2021-05-11 18:00:00+00:00,56452.88883996494,56452.88883996494,56341.52065471498,56341.52065471498,3.55077631
2021-05-11 18:30:00+00:00,56737.510702293206,56991.235709,56599.755891090506,56599.755891090506,4.65467246
2021-05-11 19:30:00+00:00,56894.105588988845,56894.105588988845,56894.105588988845,56894.105588988845,1.05459273
2021-05-11 20:30:00+00:00,56615.020819079655,56957.99564881097,56615.020819079655,56957.99564881097,0.23770360000000001
2021-05-11 21:00:00+00:00,56976.08398013918,56986.681072899635,56976.08398013918,56986.681072899635,0.16189447
2021-05-11 22:00:00+00:00,56552.572926887944,56552.572926887944,56552.572926887944,56552.572926887944,1.44900911
2021-05-11 22:30:00+00:00,56452.35585089449,56452.35585089449,56452.35585089449,56452.35585089449,0.1011418
2021-05-11 23:30:00+00:00,56791.77364343762,56791.77364343762,56791.77364343762,56791.77364343762,0.08804092
2021-05-12 00:00:00+00:00,56969.06472932195,56969.06472932195,56969.06472932195,56969.06472932195,2.626275
2021-05-12 00:30:00+00:00,57234.28704898525,57234.28704898525,57234.28704898525,57234.28704898525,1.41523559
2021-05-12 02:00:00+00:00,57469.06330749499,57727.740419147936,57469.06330749499,57727.740419147936,3.89002743
2021-05-12 02:30:00+00:00,57266.70974210481,57552.101197809956,57266.70974210481,57552.101197809956,4.83521259
2021-05-12 03:30:00+00:00,57665.34504520834,58323.49083599033,57665.34504520834,58323.49083599033,7.859060169999999
2021-05-12 04:00:00+00:00,58138.324106884436,58297.29250495049,57780.955226698905,58297.29250495049,7.46766203
2021-05-12 04:30:00+00:00,57947.780897185155,57947.780897185155,57580.62174865616,57580.62174865616,3.36934785
2021-05-12 06:00:00+00:00,57459.6227168909,57459.6227168909,57459.6227168909,57459.6227168909,1.59871138
2021-05-12 06:30:00+00:00,57333.34444956995,57333.34444956995,57333.34444956995,57333.34444956995,0.30936729
2021-05-12 07:00:00+00:00,57301.3953691992,57301.3953691992,57288.99318031825,57288.99318031825,0.18760733999999998
2021-05-12 07:30:00+00:00,57634.278573224234,57634.278573224234,57130.9956599487,57130.9956599487,1.2285786
2021-05-12 08:00:00+00:00,56956.60920832269,56956.60920832269,56956.60920832269,56956.60920832269,2.642175
2021-05-12 09:30:00+00:00,57184.970910565935,57184.970910565935,57184.970910565935,57184.970910565935,0.89184272
2021-05-12 10:00:00+00:00,56785.59217263337,57151.93893325402,56487.19915775214,56487.19915775214,7.45541823
2021-05-12 10:30:00+00:00,56421.65835813303,56421.65835813303,56246.270489529044,56246.270489529044,2.3499327599999997
2021-05-12 11:30:00+00:00,56827.428994272566,56827.428994272566,56827.428994272566,56827.428994272566,4.69602435
2021-05-12 12:00:00+00:00,56676.87343564859,56745.29896005283,56414.514084290306,56745.29896005283,5.95541134
2021-05-12 13:00:00+00:00,56398.028419841765,56398.028419841765,56398.028419841765,56398.028419841765,1.7821
2021-05-12 13:30:00+00:00,56111.34634855003,57618.491903678434,56111.34634855003,57512.748329712966,17.445613549999997
2021-05-12 14:30:00+00:00,57394.97669266667,57394.97669266667,57028.54730292947,57130.01321669572,5.956461879999999
2021-05-12 15:00:00+00:00,56804.62174852874,56804.62174852874,55961.462516571046,55961.462516571046,7.9553322699999995
2021-05-12 15:30:00+00:00,56127.18959115043,56127.18959115043,55319.24235701583,55319.24235701583,5.65224493
2021-05-12 16:00:00+00:00,54897.604805463045,54897.604805463045,54897.604805463045,54897.604805463045,2.94467856
2021-05-12 16:30:00+00:00,54696.05584779772,54696.05584779772,54696.05584779772,54696.05584779772,0.30123229
2021-05-12 17:00:00+00:00,55039.90518515182,55534.63667806081,54929.63888661826,54929.63888661826,8.64821289
2021-05-12 17:30:00+00:00,54850.47705105406,54850.47705105406,54713.80144327305,54713.80144327305,2.03081936
2021-05-12 18:00:00+00:00,54473.64198079948,54473.64198079948,53997.620063197945,53997.620063197945,5.65240977
2021-05-12 18:30:00+00:00,54338.540641,54338.540641,53700.184536735476,54054.848317302465,9.36060526
2021-05-12 19:30:00+00:00,54458.10066060431,54781.05631410931,54458.10066060431,54585.15142191424,5.40209503
2021-05-12 20:00:00+00:00,54910.35019248761,54963.60641852678,54400.63830607132,54400.63830607132,4.63177387
2021-05-12 20:30:00+00:00,54772.536919245045,54772.536919245045,54648.54976226059,54648.54976226059,4.11056544
2021-05-12 21:30:00+00:00,54611.340805,55137.19667955221,54606.120496,55015.497555599504,4.24633031
2021-05-12 22:00:00+00:00,55003.05338661736,55003.05338661736,52715.62632847071,53246.352015,26.80280352
2021-05-12 22:30:00+00:00,53563.46196295198,53563.46196295198,52154.02821039299,52788.315728361275,15.58095296
2021-05-12 23:00:00+00:00,52833.398607885465,52931.87040109047,51611.751358453665,51611.751358453665,10.94176749
2021-05-12 23:30:00+00:00,51226.79756066451,51403.194954662154,47836.58254809579,48053.550130767144,44.171042869999994
2021-05-13 00:00:00+00:00,48438.62997039665,49559.99901191922,46642.2224816784,49559.99901191922,78.92796997999997
2021-05-13 00:30:00+00:00,49829.85092314098,51103.14796339838,49829.85092314098,50166.305584,22.952314129999998
2021-05-13 01:00:00+00:00,50375.5968825,50721.966673792405,49466.53329116752,50721.966673792405,19.41249505
2021-05-13 01:30:00+00:00,50780.96934813336,50780.96934813336,50311.3136029703,50311.3136029703,2.563963
2021-05-13 02:00:00+00:00,50623.19948978512,51336.65413045746,50623.19948978512,50943.34322872798,11.52099884
2021-05-13 02:30:00+00:00,50672.348937,50809.6770275,50276.458520605855,50809.6770275,7.21334855
2021-05-13 03:00:00+00:00,50558.36958666192,50558.36958666192,50010.83307572088,50199.808769111034,5.738572240000001
2021-05-13 03:30:00+00:00,49885.67596372098,50097.55094440117,49345.12413201502,50097.55094440117,12.318186789999999
2021-05-13 04:00:00+00:00,50442.51689968733,50780.0229085442,50442.51689968733,50780.0229085442,4.928625
2021-05-13 04:30:00+00:00,50477.57086486049,50718.61101103779,50477.57086486049,50718.61101103779,2.95106831
2021-05-13 05:00:00+00:00,50449.03282545204,50881.51369314681,50449.03282545204,50881.51369314681,2.67839912
2021-05-13 05:30:00+00:00,51026.90042514975,51315.9791575,50930.266039999995,51299.89493236977,5.803234059999999
2021-05-13 06:00:00+00:00,51413.95384055225,51413.95384055225,50979.91087378289,50979.91087378289,3.1236441
2021-05-13 06:30:00+00:00,51123.123447245845,51309.06370042106,51123.123447245845,51309.06370042106,2.15093127
2021-05-13 07:00:00+00:00,51418.69670924316,51418.69670924316,51418.69670924316,51418.69670924316,0.07128816
2021-05-13 07:30:00+00:00,51460.028344493134,51460.028344493134,50886.81252068423,50886.81252068423,3.72949427
2021-05-13 08:00:00+00:00,50618.72752747215,50618.72752747215,50368.41808232247,50368.41808232247,2.93058324
2021-05-13 08:30:00+00:00,50221.79219699248,50523.34689347463,49795.2676064119,49795.2676064119,11.36255947
2021-05-13 09:00:00+00:00,49571.34405322269,50142.051000597414,49422.3568752694,49596.59788615313,22.619793610000002
2021-05-13 09:30:00+00:00,49879.92604345612,49879.92604345612,48721.72246560323,48841.357239777586,13.928147189999999
2021-05-13 10:00:00+00:00,48894.111717305,49968.71045655116,48894.111717305,49696.0589037447,8.357610659999999
2021-05-13 10:30:00+00:00,49488.373525471485,49648.363370057334,48472.61083072557,48472.61083072557,13.37751062
2021-05-13 11:00:00+00:00,48276.00702855923,49548.97058545181,48276.00702855923,49548.97058545181,8.78611562
2021-05-13 11:30:00+00:00,49198.263295,49631.9439675892,49198.263295,49631.9439675892,2.86156357
2021-05-13 12:00:00+00:00,49870.6111918413,50227.89679766667,49723.342865479586,50109.99433934237,7.12135465
2021-05-13 12:30:00+00:00,50468.065466,50468.065466,49869.71755340711,50173.48558333819,6.05060123
2021-05-13 13:00:00+00:00,50195.108848,50351.88199396657,49267.180058,49659.146421881225,9.90730709
2021-05-13 13:30:00+00:00,49912.49932457128,50724.790109153124,49912.49932457128,50724.790109153124,7.58199231
2021-05-13 14:00:00+00:00,50749.122670009485,50959.55836237264,50749.122670009485,50959.55836237264,1.87266453
2021-05-13 14:30:00+00:00,50478.85856596558,50478.85856596558,50478.85856596558,50478.85856596558,2.9811
2021-05-13 15:00:00+00:00,50168.68631018448,50168.68631018448,49864.93710112661,50094.13036813439,4.26575457
2021-05-13 15:30:00+00:00,49782.56524890099,50096.39711965641,49312.82336265747,49598.15730818575,11.042464850000002
2021-05-13 16:00:00+00:00,49962.61262411991,50351.35264451929,49962.61262411991,50351.35264451929,3.91793546
2021-05-13 16:30:00+00:00,50401.969842509025,50401.969842509025,48536.60812704242,48677.91962305764,18.6807058
2021-05-13 17:00:00+00:00,48444.86131463432,48688.70290382455,47748.304235971016,47791.632373225155,35.194309200000006
2021-05-13 17:30:00+00:00,47405.21790575338,48578.255881,47065.94322232885,48186.00415295815,17.73129651
2021-05-13 18:00:00+00:00,48475.216231975835,48612.16403708077,48251.12182741722,48251.12182741722,3.6251892999999997
2021-05-13 18:30:00+00:00,48167.23664563364,48215.85228222473,47518.79121115507,48215.85228222473,12.70702932
2021-05-13 19:00:00+00:00,47919.86197542285,49045.970212407374,47855.63093628825,49045.970212407374,11.94260767
2021-05-13 19:30:00+00:00,49149.06814068934,49310.28542144309,48791.49807567218,48791.49807567218,4.80707612
2021-05-13 20:00:00+00:00,48541.06989013654,49082.56940423024,48541.06989013654,49082.56940423024,6.13009999
2021-05-13 20:30:00+00:00,48911.23503977282,49492.331074272624,48911.23503977282,49475.223724518335,7.928859439999999
2021-05-13 21:00:00+00:00,49086.63450335999,49743.530646574705,49086.63450335999,49743.530646574705,6.36234304
2021-05-13 21:30:00+00:00,49830.672754659296,49830.672754659296,49502.69234441013,49502.69234441013,1.5507521300000002
2021-05-13 22:00:00+00:00,49313.27937735523,49520.41496496694,49134.06182433593,49134.06182433593,4.6544137899999996
2021-05-13 22:30:00+00:00,49429.050809066306,49601.699596,49194.001513364776,49194.001513364776,4.549250000000001
2021-05-13 23:00:00+00:00,48942.40035403382,49145.00558238819,48469.3047234407,48565.14497056915,15.008372710000002
2021-05-13 23:30:00+00:00,49042.463046442375,49341.249719347914,48924.955642332025,49341.249719347914,5.31809334
2021-05-14 00:00:00+00:00,49598.00410563351,50103.65536579639,49598.00410563351,50103.65536579639,5.01396799
2021-05-14 00:30:00+00:00,50136.011981464035,50136.011981464035,50136.011981464035,50136.011981464035,0.49864357
2021-05-14 01:00:00+00:00,50187.45068096848,50691.20500855268,50187.45068096848,50398.643870558306,5.37419936
2021-05-14 01:30:00+00:00,50289.370666,50539.234099727495,50289.370666,50539.234099727495,1.0763451899999998
2021-05-14 02:00:00+00:00,50587.89621024018,50587.89621024018,49723.86364687282,49723.86364687282,5.87897085
2021-05-14 03:00:00+00:00,49672.324394767245,49672.324394767245,49524.98872416953,49524.98872416953,2.3531214
2021-05-14 03:30:00+00:00,49269.00213158605,49269.00213158605,49269.00213158605,49269.00213158605,2.03745
2021-05-14 04:00:00+00:00,49545.31126140637,49545.31126140637,49545.31126140637,49545.31126140637,1.70182936
2021-05-14 04:30:00+00:00,49176.26586295652,49176.26586295652,49176.26586295652,49176.26586295652,2.875
2021-05-14 05:00:00+00:00,49356.93534848073,49356.93534848073,49356.93534848073,49356.93534848073,1.011175
2021-05-14 05:30:00+00:00,49431.84045137227,49640.377212655825,49431.84045137227,49640.377212655825,2.76976136
2021-05-14 06:00:00+00:00,49363.32854795863,49363.32854795863,49363.32854795863,49363.32854795863,1.93608663
2021-05-14 06:30:00+00:00,49155.764901156734,49393.25388267884,48912.40109092296,49130.67074969571,9.39188284
2021-05-14 07:00:00+00:00,49350.33186402155,50039.23145885006,49350.33186402155,50039.23145885006,8.316609569999999
2021-05-14 08:00:00+00:00,50259.35423478764,50259.35423478764,50064.05776323791,50064.05776323791,2.05273255
2021-05-14 08:30:00+00:00,50043.87458,50676.027229914405,50043.87458,50669.26806742466,12.06721002
2021-05-14 09:00:00+00:00,50759.03569058892,50796.13989065634,50759.03569058892,50796.13989065634,0.67950036
2021-05-14 09:30:00+00:00,50848.827524099754,51016.60621142146,50848.827524099754,51016.60621142146,1.91401217
2021-05-14 10:00:00+00:00,50619.84132468712,50619.84132468712,50619.84132468712,50619.84132468712,1.9816
2021-05-14 10:30:00+00:00,50822.773429098685,50822.773429098685,50822.773429098685,50822.773429098685,0.09838492
2021-05-14 11:00:00+00:00,50838.72646122445,50974.03862817161,50838.72646122445,50974.03862817161,1.48440584
2021-05-14 11:30:00+00:00,51007.09735422408,51026.0462652845,51007.09735422408,51026.0462652845,0.34700028
2021-05-14 12:00:00+00:00,50684.18908142857,50684.18908142857,50381.23919058995,50381.23919058995,3.4683214199999997
2021-05-14 13:00:00+00:00,50248.97616888888,50542.125154450456,50248.97616888888,50542.125154450456,3.3913028100000004
2021-05-14 13:30:00+00:00,50622.62520076834,51173.56423385495,50622.62520076834,51173.56423385495,7.719728030000001
2021-05-14 14:30:00+00:00,51310.54461012049,51310.54461012049,51310.54461012049,51310.54461012049,0.01364242
2021-05-14 15:00:00+00:00,51359.685436,51761.91520466575,51359.685436,51761.91520466575,4.68834762
2021-05-14 15:30:00+00:00,51769.60949976476,51799.536186857775,51315.134284304564,51625.02860575878,4.13374674
2021-05-14 16:00:00+00:00,51364.50196421859,51364.50196421859,50915.92166207332,51102.44496922492,7.05448477
2021-05-14 16:30:00+00:00,50823.442169953254,50955.31260861486,50669.78880051958,50955.31260861486,4.84569766
2021-05-14 17:00:00+00:00,50722.75616607142,50722.75616607142,50722.75616607142,50722.75616607142,0.56
2021-05-14 17:30:00+00:00,51009.645152990146,51009.645152990146,51009.645152990146,51009.645152990146,0.17807618
2021-05-14 18:00:00+00:00,50677.045446535274,50961.07664311506,50573.322510407466,50573.322510407466,3.00556198
2021-05-14 18:30:00+00:00,50454.90426931906,50454.90426931906,50236.63059561775,50236.63059561775,3.68076654
2021-05-14 19:00:00+00:00,50420.20751998011,50427.880566607666,50420.20751998011,50427.880566607666,0.09170618
2021-05-14 19:30:00+00:00,50125.314298085505,50125.314298085505,50116.39937989291,50116.39937989291,0.16439854
2021-05-14 20:00:00+00:00,50018.213135618054,50232.41699037486,49837.71846184113,49837.71846184113,3.98140185
2021-05-14 20:30:00+00:00,50137.67319331935,50137.67319331935,48810.528428145546,49485.841637206024,26.159409000000004
2021-05-14 21:00:00+00:00,49192.43570472837,49584.378411489444,49192.43570472837,49584.378411489444,2.0596808799999997
2021-05-14 21:30:00+00:00,49370.294336666666,49898.899668,49370.294336666666,49898.899668,5.3
2021-05-14 22:00:00+00:00,49837.92472433006,49837.92472433006,49829.969072199194,49829.969072199194,0.16030854
2021-05-14 22:30:00+00:00,49824.616616821986,50199.47972818079,49824.616616821986,50199.47972818079,1.02559422
2021-05-14 23:30:00+00:00,49896.08282666667,49896.08282666667,49896.08282666667,49896.08282666667,0.3
2021-05-15 00:00:00+00:00,49782.297152781226,49782.297152781226,49483.55987896717,49483.55987896717,4.0892218300000005
2021-05-15 00:30:00+00:00,49789.20331871846,49789.20331871846,49327.109133733946,49327.109133733946,3.78073101
2021-05-15 01:00:00+00:00,49548.40579434052,50435.28197067004,49548.40579434052,50230.604727068625,10.978420120000001
2021-05-15 01:30:00+00:00,50230.341996871364,50230.341996871364,50230.341996871364,50230.341996871364,0.0069679
2021-05-15 02:00:00+00:00,50229.56047373467,50229.56047373467,50229.56047373467,50229.56047373467,0.01003262
2021-05-15 03:00:00+00:00,50130.848044642415,50130.848044642415,49909.56494881311,49909.56494881311,4.2485013
2021-05-15 04:00:00+00:00,49723.19264784679,49723.19264784679,49498.70577749756,49683.06959208197,5.61771036
2021-05-15 04:30:00+00:00,49737.236964751726,49737.236964751726,49390.835040295744,49390.835040295744,2.93106538
2021-05-15 05:00:00+00:00,49605.55273735597,49605.55273735597,49045.70759247097,49339.20016174107,6.29801813
2021-05-15 05:30:00+00:00,49513.31790738075,49513.31790738075,49513.31790738075,49513.31790738075,2.0147
2021-05-15 06:00:00+00:00,49611.375,49611.375,49237.5569672554,49237.5569672554,2.28545
2021-05-15 06:30:00+00:00,49533.60695794729,49752.11088378337,48948.644495271605,48948.644495271605,16.0145943
2021-05-15 07:00:00+00:00,48565.979041957886,48776.9750024469,48565.979041957886,48633.81551045687,10.44000378
2021-05-15 07:30:00+00:00,48543.54539911792,48543.54539911792,48543.54539911792,48543.54539911792,2.0633
2021-05-15 08:00:00+00:00,48750.72680450226,48760.546325823154,48347.864332280515,48525.0049602969,3.56277698
2021-05-15 08:30:00+00:00,48613.94155875826,48719.92464891,48340.98023462459,48554.27679582806,10.264195239999998
2021-05-15 09:00:00+00:00,48930.80041962057,49169.69861597133,48636.920020902195,48636.920020902195,11.527905229999998
2021-05-15 09:30:00+00:00,48484.149777013816,48741.925566,48403.95020147539,48610.86853269662,4.83717326
2021-05-15 10:00:00+00:00,48612.70768856168,48612.70768856168,47930.38514173398,47930.38514173398,5.00805433
2021-05-15 10:30:00+00:00,47870.55746473894,48474.921172370094,47870.55746473894,48231.19446665017,6.737548299999999
2021-05-15 11:00:00+00:00,48605.180353339674,48605.180353339674,48395.24273349258,48395.24273349258,2.15141537
2021-05-15 11:30:00+00:00,48768.61309421868,48768.61309421868,48768.61309421868,48768.61309421868,2.04365
2021-05-15 12:00:00+00:00,48912.6690326953,48912.6690326953,48912.6690326953,48912.6690326953,1.37943949
2021-05-15 12:30:00+00:00,49056.68988979089,49271.630493,49056.68988979089,49271.630493,4.04905179
2021-05-15 13:00:00+00:00,49331.283827499996,49331.283827499996,49331.283827499996,49331.283827499996,0.4
2021-05-15 13:30:00+00:00,48966.350736059845,49192.017424402875,48966.350736059845,49192.017424402875,2.45192003
2021-05-15 14:00:00+00:00,49338.44165945272,49391.02349758187,49051.76397814689,49051.76397814689,7.49528332
2021-05-15 14:30:00+00:00,48963.8836670392,50045.57031575796,48958.892921994666,49556.583571757445,28.100727730000003
2021-05-15 15:00:00+00:00,49420.75223,49420.75223,49420.75223,49420.75223,0.1
2021-05-15 15:30:00+00:00,49395.296889785626,49395.296889785626,49276.48612288533,49276.48612288533,1.7510899199999999
2021-05-15 16:00:00+00:00,49240.33859034186,49240.33859034186,48243.48299947999,48243.48299947999,12.734812570000003
2021-05-15 16:30:00+00:00,48123.334316358334,48123.334316358334,47752.42781700196,48010.645818488185,6.136568929999999
2021-05-15 17:00:00+00:00,47701.9409285795,47701.9409285795,47445.121392,47445.121392,3.952928
2021-05-15 17:30:00+00:00,47711.77568228508,48129.691399,47711.77568228508,47879.074675028714,5.9316285
2021-05-15 18:00:00+00:00,47867.704565,47867.704565,47716.27555908134,47716.27555908134,1.9636577599999998
2021-05-15 18:30:00+00:00,48006.85153785148,48099.49460607984,48006.85153785148,48099.49460607984,2.24719545
2021-05-15 19:00:00+00:00,48194.007592022135,48194.007592022135,47200.92073181674,47200.92073181674,9.016803910000002
2021-05-15 19:30:00+00:00,47094.60387145757,47656.722235140456,47094.60387145757,47656.722235140456,8.50557828
2021-05-15 20:00:00+00:00,47797.36515467265,48333.780758430396,47797.36515467265,48333.780758430396,7.966972
2021-05-15 20:30:00+00:00,48443.492337,48505.311629983786,48204.90157043725,48204.90157043725,2.21887195
2021-05-15 21:00:00+00:00,48471.10606307709,48471.10606307709,48471.10606307709,48471.10606307709,0.14121229
2021-05-15 21:30:00+00:00,48591.25827332328,48591.25827332328,48412.03678152907,48412.03678152907,2.78091771
2021-05-15 22:00:00+00:00,48406.88920218159,48711.238637013244,48406.88920218159,48422.38053660155,0.68518758
2021-05-15 22:30:00+00:00,48732.19020454101,48732.19020454101,47859.91257142964,48103.11304534874,9.53189189
2021-05-15 23:00:00+00:00,48155.55707820787,48155.55707820787,47476.03167193617,47476.03167193617,6.534696360000001
2021-05-15 23:30:00+00:00,47427.02926696273,47427.02926696273,46541.98890810664,46541.98890810664,13.310560160000001
2021-05-16 00:00:00+00:00,46757.16960024215,47737.43688153895,46757.16960024215,47737.43688153895,13.591761439999999
2021-05-16 00:30:00+00:00,47419.779033120365,47646.49622377717,47048.214685130944,47048.214685130944,5.52701783
2021-05-16 01:00:00+00:00,47352.28555886473,47867.17315842843,47352.28555886473,47867.17315842843,8.2451332
2021-05-16 01:30:00+00:00,48013.03281046202,48104.24717538231,48013.03281046202,48104.24717538231,2.21428766
2021-05-16 02:00:00+00:00,47884.500803004354,47884.500803004354,47884.500803004354,47884.500803004354,0.01030505
2021-05-16 02:30:00+00:00,47883.86305749743,48203.38321300556,47882.291525362525,48203.38321300556,0.87167292
2021-05-16 03:00:00+00:00,48307.19580524973,48307.19580524973,47827.08551219047,47827.08551219047,5.50410011
2021-05-16 03:30:00+00:00,47769.89417259856,48158.19536993028,47769.89417259856,48158.19536993028,1.84269849
2021-05-16 04:00:00+00:00,48312.46055921287,48530.147160091416,48078.47243038387,48397.411327838556,16.83939189
2021-05-16 04:30:00+00:00,48561.28543284949,48583.81091537148,48248.560713389015,48248.560713389015,1.84571286
2021-05-16 05:00:00+00:00,48192.69010827538,48192.69010827538,48192.69010827538,48192.69010827538,0.05196657
2021-05-16 06:00:00+00:00,48184.97075765985,49180.55191830383,48184.97075765985,49180.55191830383,10.055120559999999
2021-05-16 07:00:00+00:00,49317.91293297042,49339.14820709026,48917.08768304433,48917.08768304433,2.27319942
2021-05-16 07:30:00+00:00,48899.833200845205,49199.52740036853,48777.935076,49199.52740036853,5.60864194
2021-05-16 08:00:00+00:00,49352.80828375844,49352.80828375844,48865.53752051153,48865.53752051153,5.367654170000001
2021-05-16 08:30:00+00:00,48863.483765037156,48863.483765037156,48843.70781607876,48843.70781607876,0.47230702
2021-05-16 09:30:00+00:00,49166.249912334184,49566.375722228455,49166.249912334184,49277.57948529568,5.36566199
2021-05-16 10:00:00+00:00,49582.92357898561,49582.92357898561,49582.92357898561,49582.92357898561,0.20166351
2021-05-16 10:30:00+00:00,49678.02027770175,49678.02027770175,49466.17169588312,49466.17169588312,2.01496784
2021-05-16 11:00:00+00:00,49463.22545491329,49463.22545491329,49421.42908253247,49421.42908253247,0.97802283
2021-05-16 11:30:00+00:00,49377.72144545454,49435.82725351651,49032.74922154762,49032.74922154762,5.90354503
2021-05-16 12:00:00+00:00,48976.75169089278,49291.43202304419,48958.85795587827,48992.38894980521,1.03911351
2021-05-16 12:30:00+00:00,48982.80089753954,48982.80089753954,48618.28593791088,48618.28593791088,5.43162474
2021-05-16 13:00:00+00:00,48825.50252780224,48825.50252780224,48532.92771953534,48532.92771953534,0.12947963
2021-05-16 13:30:00+00:00,48495.98671371455,48838.43209116725,48495.98671371455,48629.86614166603,2.92183858
2021-05-16 14:00:00+00:00,48951.833549667805,49042.19610169468,48451.02454018659,48451.02454018659,7.3961967799999995
2021-05-16 14:30:00+00:00,48327.87323171908,48404.498572558994,48199.49948163835,48404.498572558994,3.12461216
2021-05-16 15:00:00+00:00,48422.51246587955,48422.51246587955,47979.03146475296,48135.855952463506,5.54728819
2021-05-16 15:30:00+00:00,47860.95489018162,47860.95489018162,47703.92951752576,47703.92951752576,3.26820322
2021-05-16 16:00:00+00:00,47577.05905842691,48074.748776011795,47526.335983778525,47733.33467467181,7.75861043
2021-05-16 16:30:00+00:00,47627.511778,47627.511778,47118.414563680584,47118.414563680584,6.71573073
2021-05-16 17:00:00+00:00,47029.57160472671,47029.57160472671,46255.47546635019,46795.35570425967,24.22130165
2021-05-16 17:30:00+00:00,46666.59213228894,47473.646783,46460.48662313338,47140.275712236304,17.95644792
2021-05-16 18:00:00+00:00,47351.947557766696,47351.947557766696,46454.27722161348,46454.27722161348,8.615612169999999
2021-05-16 18:30:00+00:00,46338.653165838434,46625.76985594014,45092.95255780806,45092.95255780806,37.352369689999996
2021-05-16 19:00:00+00:00,45178.4527423558,45742.504987392844,44870.850753809966,45645.60096413437,33.73421381000001
2021-05-16 19:30:00+00:00,45681.63906813393,46024.36778836971,44468.32721250931,44945.2959476499,28.198697170000003
2021-05-16 20:00:00+00:00,45138.98875277304,45628.436990569775,45000.89183893341,45000.89183893341,18.810399320000002
2021-05-16 20:30:00+00:00,45114.92252095057,45114.92252095057,44074.16910553852,44074.16910553852,23.38255213
2021-05-16 21:00:00+00:00,44342.99413441883,44722.14711386071,44128.89913376301,44366.23630444445,15.60167041
2021-05-16 21:30:00+00:00,44689.26067800153,45486.04820772866,44508.334820000004,45068.7556164502,16.316997020000002
2021-05-16 22:00:00+00:00,45407.19214084433,46179.304413336664,45407.19214084433,46179.304413336664,13.12278201
2021-05-16 22:30:00+00:00,46002.5311625364,46002.5311625364,45681.86689947573,45929.43188,6.990048010000001
2021-05-16 23:00:00+00:00,45579.6944510352,46026.89349475248,45579.6944510352,46026.89349475248,6.67569676
2021-05-16 23:30:00+00:00,46136.422556419944,46560.642305,45795.75771141553,46305.81376188777,10.93207224
2021-05-17 00:00:00+00:00,46248.39364330006,46313.695769211525,46010.81096528698,46010.81096528698,4.27016651
2021-05-17 00:30:00+00:00,46297.06721716456,46297.06721716456,45711.46434663689,45711.46434663689,5.22197535
2021-05-17 01:00:00+00:00,45627.274824824824,45627.274824824824,44932.50570028956,44932.50570028956,15.205962079999999
2021-05-17 01:30:00+00:00,44828.32391085768,45115.51885112537,44828.32391085768,45071.5341309158,6.06510119
2021-05-17 02:00:00+00:00,45083.32724855746,45170.48300887515,44672.42911825,44672.42911825,6.309366949999999
2021-05-17 02:30:00+00:00,44788.05119994428,44788.05119994428,44191.86237002512,44191.86237002512,5.06339794
2021-05-17 03:00:00+00:00,44518.2498067915,44518.2498067915,43115.395386000004,43256.370849361985,22.288439100000005
2021-05-17 03:30:00+00:00,43438.936829007056,43865.965842,42998.351469245834,42998.351469245834,16.18072689
2021-05-17 04:00:00+00:00,43204.499936753855,43589.64207520877,41795.221447344695,43589.64207520877,48.61994796
2021-05-17 04:30:00+00:00,43767.07533299999,43783.6277375,43212.364444240564,43488.217691911064,22.37115067
2021-05-17 05:00:00+00:00,43600.9179430096,43745.40837257369,42964.53221414635,42964.53221414635,10.70943598
2021-05-17 05:30:00+00:00,43135.43288966386,43822.28155629663,42478.2243231441,43822.28155629663,26.48912461
2021-05-17 06:00:00+00:00,44181.133391780735,45198.127853877144,44181.133391780735,44864.42017188129,28.711352170000005
2021-05-17 06:30:00+00:00,44732.107398421125,44771.64136832686,44327.272921797965,44502.499243946324,12.016192329999999
2021-05-17 07:00:00+00:00,44506.01625806452,45172.6421859,44506.01625806452,44900.246043254476,24.034711570000002
2021-05-17 07:30:00+00:00,44915.34259979628,45511.50016689549,44911.30502200001,45312.78252329055,26.05502528
2021-05-17 08:00:00+00:00,45368.57653886197,45699.51971463295,44896.58064013608,45181.40690077956,16.08421963
2021-05-17 08:30:00+00:00,45316.32581491952,45632.92792,45316.32581491952,45632.92792,4.6555459599999995
2021-05-17 09:00:00+00:00,45319.42934592104,45319.42934592104,45054.65057599391,45054.65057599391,4.06452613
2021-05-17 09:30:00+00:00,45038.88459752546,45444.54712065002,44975.779682705506,45444.54712065002,5.46806273
2021-05-17 10:00:00+00:00,45606.80569964757,45629.13628551903,45046.36783231121,45046.36783231121,9.98518172
2021-05-17 10:30:00+00:00,45315.71888,45353.9446514939,44620.25559445393,44620.25559445393,8.93287737
2021-05-17 11:00:00+00:00,44555.23792934228,45184.68009308439,44555.23792934228,45184.68009308439,6.21585836
2021-05-17 11:30:00+00:00,45283.24724218623,45705.36302660752,45275.26424131343,45705.36302660752,7.1508644100000005
2021-05-17 12:00:00+00:00,45728.619287371555,45787.62009926268,45271.58870558966,45271.58870558966,6.99350147
2021-05-17 12:30:00+00:00,45122.09342484248,45230.08081090587,44969.328131685725,45230.08081090587,4.85482416
2021-05-17 13:00:00+00:00,45258.77098822661,45258.77098822661,44573.48791967324,44956.7395819273,9.08642842
2021-05-17 13:30:00+00:00,44678.596041256074,45122.921516897506,44610.586971296354,44851.23815892057,8.65254964
2021-05-17 14:00:00+00:00,44784.78049438403,44784.78049438403,44076.31087551456,44076.31087551456,9.66464713
2021-05-17 14:30:00+00:00,44336.05356923146,44454.199456427385,44027.74099414146,44454.199456427385,6.43606827
2021-05-17 15:00:00+00:00,44210.875850511075,44210.875850511075,43963.61922581826,43963.61922581826,4.01177498
2021-05-17 15:30:00+00:00,43874.87653464691,43874.87653464691,43226.41921660047,43226.41921660047,10.21265036
2021-05-17 16:00:00+00:00,43532.956891275404,43813.869818,42921.151841015366,43411.93032551307,17.777988649999998
2021-05-17 16:30:00+00:00,43167.79437586843,43461.48807959238,42568.718262882496,42568.718262882496,13.655276900000002
2021-05-17 17:00:00+00:00,42442.19501158257,42832.881571294696,41915.501172758,42357.20179340877,20.94790447
2021-05-17 17:30:00+00:00,42517.87457492641,43061.311959999926,42487.167255221815,42695.41634715508,25.563274990000004
2021-05-17 18:00:00+00:00,42619.467904579906,43538.23297824159,42461.804873194305,43272.98782157245,30.790579310000002
2021-05-17 18:30:00+00:00,43004.568556541875,44120.49329292375,43004.568556541875,43862.459144458975,27.06841502
2021-05-17 19:00:00+00:00,44047.44448,44449.48390058625,44047.44448,44449.48390058625,6.99475907
2021-05-17 19:30:00+00:00,44308.81479162638,44373.911823559356,44056.678148,44373.911823559356,4.70386824
2021-05-17 20:00:00+00:00,44421.777760401565,44560.460340800004,44421.777760401565,44560.460340800004,3.52873728
2021-05-17 20:30:00+00:00,44705.62389324113,45085.029678336956,44705.62389324113,45085.029678336956,5.88825725
2021-05-17 21:00:00+00:00,44844.91102799467,44844.91102799467,44331.81934783244,44331.81934783244,6.896552349999999
2021-05-17 21:30:00+00:00,44225.61423783379,44225.61423783379,43398.893365556076,43666.17535405972,18.065228509999997
2021-05-17 22:00:00+00:00,43534.02625604139,44265.879361909836,43494.867225434005,43494.867225434005,18.82777876
2021-05-17 22:30:00+00:00,43340.898375759665,43340.898375759665,42705.146351792944,42914.211492146875,10.991672679999999
2021-05-17 23:00:00+00:00,42993.80017595613,43462.73448350659,42691.51926334626,43149.43127993419,22.900352410000004
2021-05-17 23:30:00+00:00,42886.70463748413,44308.84610780666,42886.70463748413,43517.77167570852,44.97665401
2021-05-18 00:00:00+00:00,43392.615544385124,44482.50301502405,43311.3511820561,44482.50301502405,14.993065669999998
2021-05-18 00:30:00+00:00,44498.99030674259,44632.16006649036,44274.68684981199,44534.249242516955,7.19613221
2021-05-18 01:00:00+00:00,44547.49170225009,45144.86128233136,44547.49170225009,44897.2633688593,10.171518070000001
2021-05-18 01:30:00+00:00,45225.67686092537,45225.67686092537,44759.337515460975,45057.063616163556,11.912295499999999
2021-05-18 02:00:00+00:00,45103.01533897109,45103.01533897109,44661.92828938864,44661.92828938864,3.4086039699999997
2021-05-18 02:30:00+00:00,44930.67320683536,45131.41964672227,44749.38977736438,45131.41964672227,4.241515339999999
2021-05-18 03:00:00+00:00,44892.30627649082,44892.30627649082,44854.30421175998,44854.30421175998,1.07558809
2021-05-18 03:30:00+00:00,45094.8719663793,45094.8719663793,44819.37973830849,44819.37973830849,0.39624386
2021-05-18 04:00:00+00:00,45158.60109467589,45445.017086103784,45147.57702180436,45147.57702180436,6.1794524200000005
2021-05-18 04:30:00+00:00,45417.12741869338,45576.55407699356,45417.12741869338,45576.55407699356,3.2044425700000003
2021-05-18 05:00:00+00:00,45618.277586206896,45705.52868782526,45393.923704240005,45393.923704240005,2.35689293
2021-05-18 05:30:00+00:00,45628.20665720875,45726.58194187377,45384.983733037814,45614.92729151563,4.739976089999999
2021-05-18 06:00:00+00:00,45625.14467292275,45825.57127592466,45573.70616527204,45825.57127592466,4.15246701
2021-05-18 06:30:00+00:00,45471.102643323655,45471.102643323655,44930.48811592372,44930.48811592372,9.26551387
2021-05-18 07:00:00+00:00,45224.930931465184,45224.930931465184,45224.930931465184,45224.930931465184,1.85052789
2021-05-18 07:30:00+00:00,45015.00430785375,45372.08636636124,45015.00430785375,45371.500607,4.1100940999999995
2021-05-18 08:00:00+00:00,45424.13850039895,45424.13850039895,45088.18459635607,45398.28412607536,6.02981183
2021-05-18 08:30:00+00:00,45165.19117639108,45165.19117639108,45047.46936369966,45047.46936369966,3.3325750000000003
2021-05-18 09:00:00+00:00,45009.26065537984,45009.26065537984,44774.83636349206,44774.83636349206,3.76535697
2021-05-18 09:30:00+00:00,45061.911853924976,45061.911853924976,45061.911853924976,45061.911853924976,1.10765
2021-05-18 10:00:00+00:00,45138.298742795145,45279.73653046163,45047.03796300843,45047.03796300843,3.20523308
2021-05-18 10:30:00+00:00,45370.877275478735,45439.00617490109,45154.16585031017,45439.00617490109,1.92091517
2021-05-18 11:00:00+00:00,45491.89192085568,45491.89192085568,45256.75862,45256.75862,1.1426970300000001
2021-05-18 11:30:00+00:00,45567.328132715695,45634.65171575989,45567.328132715695,45634.65171575989,1.69304514
2021-05-18 12:00:00+00:00,45352.02639142678,45352.02639142678,44854.08404873439,44854.08404873439,8.59842407
2021-05-18 12:30:00+00:00,44692.89572574178,44709.72212907697,43982.6531317381,43982.6531317381,11.332016500000002
2021-05-18 13:00:00+00:00,43934.5032310196,43934.5032310196,43359.32445917499,43398.448036032896,13.18873561
2021-05-18 13:30:00+00:00,43627.27650954258,43876.21637213091,43627.27650954258,43876.21637213091,4.427934349999999
2021-05-18 14:00:00+00:00,43608.18395477277,43608.18395477277,42993.54772017704,43392.799629395086,12.11709651
2021-05-18 14:30:00+00:00,43149.47046778458,43442.55484137373,42590.752323905486,43120.66308540936,26.102687749999998
2021-05-18 15:00:00+00:00,43069.417757267554,43801.48137830294,43069.417757267554,43801.48137830294,11.3107031
2021-05-18 15:30:00+00:00,43544.88119512566,43544.88119512566,43095.44427955938,43095.44427955938,9.53407119
2021-05-18 16:00:00+00:00,43419.03586287784,43561.656370710596,42876.56335492145,43388.88160771243,18.052372469999998
2021-05-18 16:30:00+00:00,43471.67692138083,43691.64363183715,43471.67692138083,43691.64363183715,3.8252746899999996
2021-05-18 17:00:00+00:00,43779.06341109406,43779.06341109406,43779.06341109406,43779.06341109406,2.2805
2021-05-18 17:30:00+00:00,43853.68656016068,43853.68656016068,43516.94883383948,43739.0042734725,3.38043788
2021-05-18 18:00:00+00:00,43396.64809080813,43396.64809080813,42841.60135548187,42841.60135548187,9.61520328
2021-05-18 18:30:00+00:00,42790.773958326434,42911.82910291099,42654.911270530974,42654.911270530974,4.778298619999998
2021-05-18 19:00:00+00:00,42946.53179381265,42993.54252492489,42677.73737403975,42885.18390139942,3.27532348
2021-05-18 19:30:00+00:00,42940.69153641593,43485.618269243336,42890.95453837088,43485.618269243336,9.451023939999999
2021-05-18 20:00:00+00:00,43281.05882183011,43531.685400715854,43084.01346484943,43420.52094239927,6.2454929
2021-05-18 21:00:00+00:00,43542.88951101609,43594.40394073516,43542.88951101609,43594.40394073516,1.5233991599999999
2021-05-18 21:30:00+00:00,43287.68722930487,43509.049193864696,42878.06750499144,42878.06750499144,9.3623003
2021-05-18 22:00:00+00:00,43021.23639503,43083.21507147454,43021.23639503,43083.21507147454,1.65857959
2021-05-18 22:30:00+00:00,43144.658122538494,43224.02199610949,42665.26696724958,42802.183933787644,9.87520378
2021-05-18 23:00:00+00:00,42442.56840632855,43028.504440648765,42442.56840632855,42884.38616981832,17.200237010000002
2021-05-18 23:30:00+00:00,43028.24464143581,43076.30102384655,42485.68665891599,42860.40775131736,9.745454880000002
2021-05-19 00:00:00+00:00,42797.349162795,43521.6460487742,42598.27927947877,43272.443152380954,14.34919151
2021-05-19 00:30:00+00:00,43183.42983213739,43183.42983213739,42698.91738078022,42735.272287273874,10.591757340000001
2021-05-19 01:00:00+00:00,42645.3072801917,42645.3072801917,41421.817243412646,41421.817243412646,16.26748719
2021-05-19 01:30:00+00:00,41673.480826590734,41689.813752871225,40615.542204,41052.440768773224,20.42979506
2021-05-19 02:00:00+00:00,40846.48044133333,41187.18704,40700.25348772117,40772.205825795645,10.851698119999998
2021-05-19 02:30:00+00:00,41023.31962539616,41116.47658646979,40273.606259834545,40607.539501412655,14.93614216
2021-05-19 03:00:00+00:00,40308.182192753826,40861.058784,39996.401496301885,40861.058784,29.70901036
2021-05-19 03:30:00+00:00,40965.10649946193,40965.10649946193,40516.165506,40749.08171487237,5.525012800000001
2021-05-19 04:00:00+00:00,40498.49791121908,40727.83567371954,39364.74443212405,39364.74443212405,13.63737961
2021-05-19 04:30:00+00:00,39512.71388095507,39650.38902146534,38561.88710012875,38886.91959470053,28.19434436
2021-05-19 05:00:00+00:00,39144.70914530421,39663.23016330681,39144.70914530421,39659.248480853494,4.6539407200000005
2021-05-19 05:30:00+00:00,39630.90941444142,39630.90941444142,39040.00540223964,39243.16161746708,5.74369312
2021-05-19 06:00:00+00:00,39264.70935096684,39824.99833730632,39264.70935096684,39824.99833730632,2.8133613800000004
2021-05-19 06:30:00+00:00,39906.134386940415,40023.07552093271,38699.59895643448,39138.0215377657,17.85981523
2021-05-19 07:00:00+00:00,39265.382820722574,39599.082323126764,38624.86446948963,39315.42325883158,11.180864699999999
2021-05-19 07:30:00+00:00,39633.09842715877,40476.33245776984,39633.09842715877,40476.33245776984,7.85751149
2021-05-19 08:00:00+00:00,40242.96818654347,40242.96818654347,39857.772984999996,40142.84010569379,5.94932281
2021-05-19 08:30:00+00:00,40262.31024673638,40697.95038249756,40062.67326089019,40697.95038249756,6.97326228
2021-05-19 09:00:00+00:00,40823.031521093966,40823.031521093966,40069.21798417626,40069.21798417626,10.27522798
2021-05-19 09:30:00+00:00,40048.47455840549,40354.14378094742,40048.47455840549,40354.14378094742,1.52304281
2021-05-19 10:00:00+00:00,40068.183250560716,40068.183250560716,39562.48133543929,39685.16440821091,5.6658830600000005
2021-05-19 10:30:00+00:00,39331.97209472053,39415.38316605245,38916.6442323772,39281.25266055698,5.51214953
2021-05-19 11:00:00+00:00,39146.26667344306,39146.26667344306,38153.42148239724,38153.42148239724,6.26278958
2021-05-19 11:30:00+00:00,37821.83433490329,38594.353418,36590.197126895386,38594.353418,35.40547504
2021-05-19 12:00:00+00:00,38735.33897920065,38735.33897920065,38067.35284012429,38067.35284012429,5.39544829
2021-05-19 12:30:00+00:00,37534.1402350346,37702.20254505676,32310.856142064593,33621.948090446145,44.636343339999996
2021-05-19 13:00:00+00:00,33335.97225206295,33335.97225206295,29922.35767108091,30235.14115778865,50.2172374
2021-05-19 13:30:00+00:00,30783.969817263664,34179.9392826603,30783.969817263664,34179.9392826603,26.569473869999996
2021-05-19 14:00:00+00:00,34170.711697792314,34728.123926320535,32813.803323250744,34728.123926320535,16.18906998
2021-05-19 14:30:00+00:00,35236.352899880665,36022.49749141712,34615.61911804909,36022.49749141712,14.81443942
2021-05-19 15:00:00+00:00,36854.221397039735,36867.83310424228,35794.853233899994,36387.264794030976,35.71211441999999
2021-05-19 15:30:00+00:00,36523.98503756275,37642.352549468495,36523.98503756275,37215.622798350916,16.33272411
2021-05-19 16:00:00+00:00,37277.809316502826,37425.278444376774,36701.276988400954,37079.279829908395,7.6057798000000005
2021-05-19 16:30:00+00:00,37726.84387199575,40126.402332497215,37726.84387199575,39580.54005330161,49.18515151999999
2021-05-19 17:00:00+00:00,39905.012126327485,40355.68398087877,39644.25916575621,40147.25273594092,22.87290769
2021-05-19 17:30:00+00:00,39905.83168582791,39905.83168582791,38796.547338404445,39188.51931623134,30.702116160000003
2021-05-19 18:00:00+00:00,39034.86103452444,39034.86103452444,37961.59574580406,38437.58056327405,21.103557170000002
2021-05-19 18:30:00+00:00,38469.21847348462,38751.92262202311,37759.63439740535,37963.02490607574,18.021376370000002
2021-05-19 19:00:00+00:00,38141.21115065335,38739.767198651716,38141.21115065335,38611.63127553794,7.37452337
2021-05-19 19:30:00+00:00,38410.5446923512,39214.666969,38216.8818085677,39214.666969,15.48425309
2021-05-19 20:00:00+00:00,39319.587121339355,39892.80660711748,39088.79689147466,39202.28366270469,12.67358016
2021-05-19 20:30:00+00:00,39276.935748,39347.22216035552,38161.59711591454,38161.59711591454,9.37212833
2021-05-19 21:00:00+00:00,38436.06073973568,38745.05769037993,37173.627161790166,37471.00422677487,61.984477719999994
2021-05-19 21:30:00+00:00,37536.20528253032,38795.063976750345,37487.47166578041,38795.063976750345,11.8243317
2021-05-19 22:00:00+00:00,38507.150315368955,39446.53677868892,38507.150315368955,39144.26193590544,13.9731721
2021-05-19 22:30:00+00:00,39197.84985769648,39512.011173301355,39125.19576786204,39125.19576786204,8.457522529999999
2021-05-19 23:00:00+00:00,38758.29051528699,38817.60022,37772.57545875,38097.55680358264,25.16820725
2021-05-19 23:30:00+00:00,37900.613737566775,38217.630949078964,36786.78602627169,36849.43682966335,18.7308365
2021-05-20 00:00:00+00:00,36748.331774166894,38218.21905013915,36748.331774166894,36982.74740998374,37.502692110000005
2021-05-20 00:30:00+00:00,36681.7749113634,36727.506505132646,34925.57023684035,35045.88381242958,44.630364469999996
2021-05-20 01:00:00+00:00,35968.17080605631,36828.62487895287,35273.70998222774,36828.62487895287,57.86689373
2021-05-20 01:30:00+00:00,36958.86931182093,37173.49432979824,36530.89609452055,37173.49432979824,15.43501157
2021-05-20 02:00:00+00:00,37032.54099312231,38182.1837540061,36938.396585529495,38182.1837540061,14.639162029999998
2021-05-20 02:30:00+00:00,38029.01111666667,38389.1371573419,37318.78898701358,38389.1371573419,18.97361533
2021-05-20 03:00:00+00:00,38075.77479007561,38657.325338761475,38015.329973555316,38360.2479631351,19.60381308
2021-05-20 03:30:00+00:00,38217.12954589231,38481.561136684184,37877.87718132304,38367.86361765338,14.72772215
2021-05-20 04:00:00+00:00,38150.309691747876,39856.67078959741,38150.309691747876,39427.58664209887,21.80186311
2021-05-20 04:30:00+00:00,39394.45259759839,39424.62986307311,38918.03889179381,39424.62986307311,13.93143841
2021-05-20 05:00:00+00:00,39547.120595925335,40234.538498872265,39402.22903940204,39402.22903940204,15.21509214
2021-05-20 05:30:00+00:00,39623.43527350215,40196.87708194275,39623.43527350215,40196.87708194275,6.404313660000001
2021-05-20 06:00:00+00:00,39941.42677667903,39941.42677667903,39487.75560537727,39487.75560537727,11.74571369
2021-05-20 06:30:00+00:00,39601.802836434406,40151.75285531107,39601.802836434406,40151.75285531107,6.47542995
2021-05-20 07:00:00+00:00,40186.04824195589,41018.89510877721,40160.243034899286,40630.45794020318,35.19390767000001
2021-05-20 07:30:00+00:00,40716.18035486122,40838.13964646296,39999.119476258296,39999.119476258296,9.881869020000002
2021-05-20 08:00:00+00:00,40345.687455574356,40345.687455574356,39687.687080718286,39864.555617029786,12.39207958
2021-05-20 08:30:00+00:00,39638.86811815037,39754.94001314819,39481.24357363744,39754.94001314819,4.89243755
2021-05-20 09:00:00+00:00,39576.66796359611,39697.9336616242,39097.849604599585,39097.849604599585,8.92410114
2021-05-20 09:30:00+00:00,39006.188685847694,40038.624065563235,39006.188685847694,39919.82934409075,12.813760270000001
2021-05-20 10:00:00+00:00,39917.908820510616,39917.908820510616,39636.81829885057,39850.896012859404,4.27293476
2021-05-20 10:30:00+00:00,39986.33846753088,40643.80070274027,39771.48928219151,40089.92243864802,19.387429779999998
2021-05-20 11:00:00+00:00,40377.31733810274,40377.31733810274,39854.23606097439,39854.23606097439,6.93656386
2021-05-20 11:30:00+00:00,40036.1930655405,40608.99941969067,40036.1930655405,40426.613271678856,8.038819689999999
2021-05-20 12:00:00+00:00,40725.18830928305,41699.67211629366,40290.44748972878,41625.76030883044,23.002952900000004
2021-05-20 12:30:00+00:00,41739.63604791012,42061.96147544948,41739.63604791012,41764.52280646419,5.131356659999999
2021-05-20 13:00:00+00:00,42071.49861025639,42843.94103762925,42071.49861025639,42682.91340603044,18.43886236
2021-05-20 13:30:00+00:00,42604.48748718036,42604.48748718036,41665.73894956897,41978.82821178561,28.55346425
2021-05-20 14:00:00+00:00,41871.784072,43049.073382994524,41609.624475435,41854.23265415719,47.91912515
2021-05-20 14:30:00+00:00,41939.21745174048,42208.211167421454,41723.98751276941,41740.703224128985,17.8859889
2021-05-20 15:00:00+00:00,41961.984732407705,42098.588180772975,41839.675654341074,42072.3846964225,3.2296463999999996
2021-05-20 15:30:00+00:00,41809.7585337487,41809.7585337487,41322.02874213862,41322.02874213862,5.0984807299999995
2021-05-20 16:00:00+00:00,41175.418653104745,41175.418653104745,39409.61946024388,39829.75924473855,43.02462771
2021-05-20 16:30:00+00:00,39926.19219466064,39926.19219466064,38401.47304852983,39261.01557014456,27.403477880000004
2021-05-20 17:00:00+00:00,39477.68018312921,39870.03132574498,39010.33731574781,39413.03107522736,18.35884174
2021-05-20 17:30:00+00:00,39573.952891179666,39935.539511717776,39573.952891179666,39935.539511717776,5.233826410000001
2021-05-20 18:00:00+00:00,39735.73621028445,39999.22465502929,39313.86621027475,39999.22465502929,12.34424684
2021-05-20 18:30:00+00:00,39887.07829887256,40190.22159310355,39878.302850363114,39999.94252171373,2.18256022
2021-05-20 19:00:00+00:00,39923.08503701631,40444.838389066106,39818.73613088078,40444.838389066106,11.713133769999999
2021-05-20 19:30:00+00:00,40225.18672610694,40225.18672610694,40077.175135618985,40077.175135618985,1.56139613
2021-05-20 20:00:00+00:00,39997.6742202872,40637.55414328698,39874.10626957143,40517.671814028836,11.42273586
2021-05-20 20:30:00+00:00,40214.59110092556,40214.59110092556,39841.91448989541,39841.91448989541,4.71709759
2021-05-20 21:00:00+00:00,39820.75185793327,40698.35031307918,39820.75185793327,40698.35031307918,7.60370567
2021-05-20 21:30:00+00:00,40782.902232396526,40952.2556015,40722.22653730332,40722.22653730332,4.45237831
2021-05-20 22:00:00+00:00,40637.75004035022,40637.75004035022,40318.993723,40318.993723,3.95487624
2021-05-20 22:30:00+00:00,40201.60337757107,41496.43270024111,39496.722035953986,41335.30531896326,30.217622960000003
2021-05-20 23:00:00+00:00,41306.70245558607,41306.70245558607,40877.7871911182,41078.55747760221,8.612544600000001
2021-05-20 23:30:00+00:00,40715.693317372876,40800.95242871125,40392.38721430589,40800.95242871125,7.35167171
2021-05-21 00:00:00+00:00,40853.341429186396,41152.02856412265,40853.341429186396,41152.02856412265,3.5593908
2021-05-21 00:30:00+00:00,41282.99854924854,41914.10476012356,40996.74624015734,41809.1211888039,14.38111702
2021-05-21 01:00:00+00:00,41719.09634624339,41824.3794307702,41629.13213992282,41824.3794307702,1.9233392699999998
2021-05-21 01:30:00+00:00,41847.41805582109,41847.41805582109,41562.481898959755,41562.481898959755,1.68426765
2021-05-21 02:00:00+00:00,41447.71400483481,41661.25220007287,41204.04943732593,41204.04943732593,4.78507437
2021-05-21 02:30:00+00:00,41356.3316153549,41430.5642135902,41247.39115232519,41247.39115232519,1.35054187
2021-05-21 03:00:00+00:00,41181.11702468477,41181.11702468477,40783.732616329886,40783.732616329886,4.73885502
2021-05-21 03:30:00+00:00,40667.62203781762,40907.15870647984,40667.62203781762,40701.500930091985,3.0353529399999997
2021-05-21 04:00:00+00:00,40605.35611970654,40605.35611970654,40148.697021403,40148.697021403,5.702259850000001
2021-05-21 04:30:00+00:00,40013.57359702299,40102.21481269767,39884.60612434099,40102.21481269767,3.31786803
2021-05-21 05:00:00+00:00,40189.20220654798,40298.64804032665,39715.23220441922,39847.980551319306,9.868178479999997
2021-05-21 05:30:00+00:00,39843.45819721387,40137.82588635044,39843.45819721387,39926.2136929329,1.72632074
2021-05-21 06:00:00+00:00,39856.31812468592,39856.31812468592,39310.35556503516,39493.21075641512,8.999698219999999
2021-05-21 06:30:00+00:00,39775.797270856936,40582.09482937242,39693.20224689046,40582.09482937242,9.3589144
2021-05-21 07:00:00+00:00,40352.461104750066,40532.78751005847,39710.92445106087,39710.92445106087,8.68977797
2021-05-21 07:30:00+00:00,39660.70042247526,39660.70042247526,39629.174532516656,39629.174532516656,0.46638716
2021-05-21 08:00:00+00:00,39921.642320753584,40245.456623879465,39398.041933807915,40245.456623879465,18.525441739999998
2021-05-21 08:30:00+00:00,40068.03751669595,40068.03751669595,39745.64049033998,39946.204526,4.27582866
